[
  {
    "id": 4,
    "AdverTitle": "وبلام",
    "AdverImage": "",
    "AdverVideo": "https://dl.apexgram.ir/92200/XTMz3KMNaSv5_out.mp4?hash=dd11f8",
    "AdverLink": "https://t.me/mozicalcity1",
    "AdverDiscribtion": "تیم طرحی وبلام کمترن هزینه بیشترین کیفیت!",
    "Type": "mp4"
  },
    {
    "id": 4,
    "AdverTitle": "وبلام",
    "AdverImage": "",
    "AdverVideo": "https://dl.apexgram.ir/92200/XTMz3KMNaSv5_out.mp4?hash=dd11f8",
    "AdverLink": "https://t.me/mozicalcity1",
    "AdverDiscribtion": "تیم طرحی وبلام کمترن هزینه بیشترین کیفیت!",
    "Type": "mp4"
  },
    {
    "id": 4,
    "AdverTitle": "وبلام",
    "AdverImage": "",
    "AdverVideo": "https://dl.apexgram.ir/92200/XTMz3KMNaSv5_out.mp4?hash=dd11f8",
    "AdverLink": "https://t.me/mozicalcity1",
    "AdverDiscribtion": "تیم طرحی وبلام کمترن هزینه بیشترین کیفیت!",
    "Type": "mp4"
  },  {
    "id": 4,
    "AdverTitle": "وبلام",
    "AdverImage": "",
    "AdverVideo": "https://dl.apexgram.ir/92200/XTMz3KMNaSv5_out.mp4?hash=dd11f8",
    "AdverLink": "https://t.me/mozicalcity1",
    "AdverDiscribtion": "تیم طرحی وبلام کمترن هزینه بیشترین کیفیت!",
    "Type": "mp4"
  }
]