[
  {
    "id": 1,
    "MiusicTitle": "دانلود آهنگ قطره قطره اشک چشمم هوش مصنوعی",
    "MiusicImage": "https://aba-music.ir/wp-content/uploads/ghatre-ghatre-remix.jpg",
    "MiusicDiscribtion": "قطره قطره اشک چشمم هوش مصنوعی",
    "MiusicLyrics": "——|♪ ♬ ♪|——\n\nمن چیزی نمیگم خودت گوش بده\n\nقطره قطره اشک چشمم\nمیچکد با نم نم باران به دامن\nبسته ای بار سفر را با تو\nای عاشقترین بد کرده ام من\n\nنصف شب می شینم اینجا تنها بی تو\nبگو چطور میگذرونی تنهایی تو\nنصف شب میشه فقط درد و بلا\nبی تو نصف شب منو تو کف همیم\nبی تو من چی میخوام ااخه از کف زمین\n\n——|♪ ♬ ♪|——\n\nنام ریمیکس : باران",
    "Miusic": "https://dl.aba-music.ir/music/1404/01/Aryanerg-Baran.mp3",
    "Genre": "Pop",
    "AdImage": "",
    "AdLink": "",
    "slug": "song-1771018601646",
    "path": "/song/song-1771018601646"
  },
  {
    "id": 2,
    "MiusicTitle": "دانلود آهنگ دایان یار آسمانی",
    "MiusicImage": "https://aba-music.ir/wp-content/uploads/dayan-yare-asemani.jpg",
    "MiusicDiscribtion": "آهنگ دایان یار آسمانی",
    "MiusicLyrics": "متن آهنگ یار آسمانی دایان\n——|♪ ♬ ♪|——\n\nباور نمیکردم بری ترکم کنی تو\nای همنشین غصه و دردم کنی تو\nباور نمیکردم بری تنهام بزاری\n\nاز حجر خود گریان چو ابرم کنی تو\nای یار آسمانی ام دریای مهربانی ام\nبا من با من بمان ای عشق جاودانه ام\n\n——|♪ ♬ ♪|——",
    "Miusic": "https://dl.aba-music.ir/music/1404/02/Dayan-YareAsemani-128.mp3",
    "Genre": "Pop",
    "AdImage": "",
    "AdLink": "",
    "slug": "song-1771018856999",
    "path": "/song/song-1771018856999"
  },
  {
    "id": 3,
    "MiusicTitle": "دانلود آهنگ شاهین بنان شب شد",
    "MiusicImage": "https://aba-music.ir/wp-content/uploads/banan-shab-shod.jpg",
    "MiusicDiscribtion": "متن آهنگ شب شد شاهین بنان",
    "MiusicLyrics": " ——|♪ ♬ ♪|——\n\nحرف رفتن نزن هی دیگه پیش دلم\nمن نگات میکنم تیکه تیکه میشه دلم\nبی تاب قلبم رگ خواب قلبم دستته دیوونه\nآرومه جونم قول دادم بمونم یه قول مردونه\nشب شد هواتو کردم‌ دور تو بگردم\nتند میشه با تو قلبم ضربانش\n\nشب شد هواتو کردم دور تو بگردم دل میره بالا کم کم هیجانش\nمن که بالام امشب بذار کنار تو باشم\nاینه جاذبه خیلی جالبه همه میخوان مثل ما شن\nفرشته ای فقط بال نداری میدی دست دل من یه کاری\nاختیار منم دسته دلم مستته تو خبر نداری\n\n ——|♪ ♬ ♪|——\n\nشاهین بنان شب شد",
    "Miusic": "https://dl.aba-music.ir/music/1404/02/ShahinBanan-ShabShod-128.mp3",
    "Genre": "Pop",
    "AdImage": "",
    "AdLink": "",
    "slug": "song-1771020115006",
    "path": "/song/song-1771020115006"
  },
  {
    "id": 4,
    "MiusicTitle": "دانلود آهنگ شاهین بنان یه دونه",
    "MiusicImage": "https://aba-music.ir/wp-content/uploads/banan-ye-doone.jpg",
    "MiusicDiscribtion": "متن آهنگ یه دونه شاهین بنان",
    "MiusicLyrics": " ——|♪ ♬ ♪|——\n\nآب رو آتیشمی آروم میشم\nوقتی از دست آدما خسته میشم\nواسه تو دست میکشم از کار و بارم\nمن تورو قد یه تهرون دوست دارم\nتو ترافیکا به تو فکر میکنم\nتو کوچه باریکا به تو فکر میکنم\nاز بس که همه جا با تو خاطره دارم\n\nاز تو یه دونه داره دنیا نمیمونه دردا\nهیشکی شبیه تو یکی نیست\nجمع کن رختخوابو الانو دریابو\nسن تو سن خستگی نیست\nبزن قدش بریم به سمت رویاهامون\nصد از صدش گذاشته واسمون خدامون\nبخند برام بذار یه خونی توی جونم بیاد\nجونم فدات آخ الهی اشک خوشحالیت بیاد\n\n ——|♪ ♬ ♪|——",
    "Miusic": "https://dl.aba-music.ir/music/1404/02/ShahinBanan-YeDoone-128.mp3",
    "Genre": "Pop",
    "AdImage": "",
    "AdLink": "",
    "slug": "song-1771020198412",
    "path": "/song/song-1771020198412"
  },
  {
    "id": 5,
    "MiusicTitle": "دانلود آهنگ شاهین بنان یه دونه",
    "MiusicImage": "https://aba-music.ir/wp-content/uploads/banan-ye-doone.jpg",
    "MiusicDiscribtion": "متن آهنگ یه دونه شاهین بنان",
    "MiusicLyrics": " ——|♪ ♬ ♪|——\n\nآب رو آتیشمی آروم میشم\nوقتی از دست آدما خسته میشم\nواسه تو دست میکشم از کار و بارم\nمن تورو قد یه تهرون دوست دارم\nتو ترافیکا به تو فکر میکنم\nتو کوچه باریکا به تو فکر میکنم\nاز بس که همه جا با تو خاطره دارم\n\nاز تو یه دونه داره دنیا نمیمونه دردا\nهیشکی شبیه تو یکی نیست\nجمع کن رختخوابو الانو دریابو\nسن تو سن خستگی نیست\nبزن قدش بریم به سمت رویاهامون\nصد از صدش گذاشته واسمون خدامون\nبخند برام بذار یه خونی توی جونم بیاد\nجونم فدات آخ الهی اشک خوشحالیت بیاد\n\n ——|♪ ♬ ♪|——",
    "Miusic": "https://dl.aba-music.ir/music/1404/02/ShahinBanan-YeDoone-128.mp3",
    "Genre": "Pop",
    "AdImage": "",
    "AdLink": "",
    "slug": "song-1771020198412",
    "path": "/song/song-1771020198412"
  },
  {
    "id": 6,
    "MiusicTitle": "دانلود آهنگ شاهین بنان یه دونه",
    "MiusicImage": "https://aba-music.ir/wp-content/uploads/banan-ye-doone.jpg",
    "MiusicDiscribtion": "متن آهنگ یه دونه شاهین بنان",
    "MiusicLyrics": " ——|♪ ♬ ♪|——\n\nآب رو آتیشمی آروم میشم\nوقتی از دست آدما خسته میشم\nواسه تو دست میکشم از کار و بارم\nمن تورو قد یه تهرون دوست دارم\nتو ترافیکا به تو فکر میکنم\nتو کوچه باریکا به تو فکر میکنم\nاز بس که همه جا با تو خاطره دارم\n\nاز تو یه دونه داره دنیا نمیمونه دردا\nهیشکی شبیه تو یکی نیست\nجمع کن رختخوابو الانو دریابو\nسن تو سن خستگی نیست\nبزن قدش بریم به سمت رویاهامون\nصد از صدش گذاشته واسمون خدامون\nبخند برام بذار یه خونی توی جونم بیاد\nجونم فدات آخ الهی اشک خوشحالیت بیاد\n\n ——|♪ ♬ ♪|——",
    "Miusic": "https://dl.aba-music.ir/music/1404/02/ShahinBanan-YeDoone-128.mp3",
    "Genre": "Pop",
    "AdImage": "",
    "AdLink": "",
    "slug": "song-1771020198412",
    "path": "/song/song-1771020198412"
  },
  {
    "id": 7,
    "MiusicTitle": "دانلود آهنگ شاهین بنان یه دونه",
    "MiusicImage": "https://aba-music.ir/wp-content/uploads/banan-ye-doone.jpg",
    "MiusicDiscribtion": "متن آهنگ یه دونه شاهین بنان",
    "MiusicLyrics": " ——|♪ ♬ ♪|——\n\nآب رو آتیشمی آروم میشم\nوقتی از دست آدما خسته میشم\nواسه تو دست میکشم از کار و بارم\nمن تورو قد یه تهرون دوست دارم\nتو ترافیکا به تو فکر میکنم\nتو کوچه باریکا به تو فکر میکنم\nاز بس که همه جا با تو خاطره دارم\n\nاز تو یه دونه داره دنیا نمیمونه دردا\nهیشکی شبیه تو یکی نیست\nجمع کن رختخوابو الانو دریابو\nسن تو سن خستگی نیست\nبزن قدش بریم به سمت رویاهامون\nصد از صدش گذاشته واسمون خدامون\nبخند برام بذار یه خونی توی جونم بیاد\nجونم فدات آخ الهی اشک خوشحالیت بیاد\n\n ——|♪ ♬ ♪|——",
    "Miusic": "https://dl.aba-music.ir/music/1404/02/ShahinBanan-YeDoone-128.mp3",
    "Genre": "Pop",
    "AdImage": "",
    "AdLink": "",
    "slug": "song-1771020198412",
    "path": "/song/song-1771020198412"
  },
  {
    "id": 8,
    "MiusicTitle": "دانلود آهنگ شاهین بنان یه دونه",
    "MiusicImage": "https://aba-music.ir/wp-content/uploads/banan-ye-doone.jpg",
    "MiusicDiscribtion": "متن آهنگ یه دونه شاهین بنان",
    "MiusicLyrics": " ——|♪ ♬ ♪|——\n\nآب رو آتیشمی آروم میشم\nوقتی از دست آدما خسته میشم\nواسه تو دست میکشم از کار و بارم\nمن تورو قد یه تهرون دوست دارم\nتو ترافیکا به تو فکر میکنم\nتو کوچه باریکا به تو فکر میکنم\nاز بس که همه جا با تو خاطره دارم\n\nاز تو یه دونه داره دنیا نمیمونه دردا\nهیشکی شبیه تو یکی نیست\nجمع کن رختخوابو الانو دریابو\nسن تو سن خستگی نیست\nبزن قدش بریم به سمت رویاهامون\nصد از صدش گذاشته واسمون خدامون\nبخند برام بذار یه خونی توی جونم بیاد\nجونم فدات آخ الهی اشک خوشحالیت بیاد\n\n ——|♪ ♬ ♪|——",
    "Miusic": "https://dl.aba-music.ir/music/1404/02/ShahinBanan-YeDoone-128.mp3",
    "Genre": "Pop",
    "AdImage": "",
    "AdLink": "",
    "slug": "song-1771020198412",
    "path": "/song/song-1771020198412"
  },
  {
    "id": 9,
    "MiusicTitle": "دانلود آهنگ شاهین بنان یه دونه",
    "MiusicImage": "https://aba-music.ir/wp-content/uploads/banan-ye-doone.jpg",
    "MiusicDiscribtion": "متن آهنگ یه دونه شاهین بنان",
    "MiusicLyrics": " ——|♪ ♬ ♪|——\n\nآب رو آتیشمی آروم میشم\nوقتی از دست آدما خسته میشم\nواسه تو دست میکشم از کار و بارم\nمن تورو قد یه تهرون دوست دارم\nتو ترافیکا به تو فکر میکنم\nتو کوچه باریکا به تو فکر میکنم\nاز بس که همه جا با تو خاطره دارم\n\nاز تو یه دونه داره دنیا نمیمونه دردا\nهیشکی شبیه تو یکی نیست\nجمع کن رختخوابو الانو دریابو\nسن تو سن خستگی نیست\nبزن قدش بریم به سمت رویاهامون\nصد از صدش گذاشته واسمون خدامون\nبخند برام بذار یه خونی توی جونم بیاد\nجونم فدات آخ الهی اشک خوشحالیت بیاد\n\n ——|♪ ♬ ♪|——",
    "Miusic": "https://dl.aba-music.ir/music/1404/02/ShahinBanan-YeDoone-128.mp3",
    "Genre": "Pop",
    "AdImage": "",
    "AdLink": "",
    "slug": "song-1771020198412",
    "path": "/song/song-1771020198412"
  },
  {
    "id": 10,
    "MiusicTitle": "دانلود آهنگ شاهین بنان یه دونه",
    "MiusicImage": "https://aba-music.ir/wp-content/uploads/banan-ye-doone.jpg",
    "MiusicDiscribtion": "متن آهنگ یه دونه شاهین بنان",
    "MiusicLyrics": " ——|♪ ♬ ♪|——\n\nآب رو آتیشمی آروم میشم\nوقتی از دست آدما خسته میشم\nواسه تو دست میکشم از کار و بارم\nمن تورو قد یه تهرون دوست دارم\nتو ترافیکا به تو فکر میکنم\nتو کوچه باریکا به تو فکر میکنم\nاز بس که همه جا با تو خاطره دارم\n\nاز تو یه دونه داره دنیا نمیمونه دردا\nهیشکی شبیه تو یکی نیست\nجمع کن رختخوابو الانو دریابو\nسن تو سن خستگی نیست\nبزن قدش بریم به سمت رویاهامون\nصد از صدش گذاشته واسمون خدامون\nبخند برام بذار یه خونی توی جونم بیاد\nجونم فدات آخ الهی اشک خوشحالیت بیاد\n\n ——|♪ ♬ ♪|——",
    "Miusic": "https://dl.aba-music.ir/music/1404/02/ShahinBanan-YeDoone-128.mp3",
    "Genre": "Pop",
    "AdImage": "",
    "AdLink": "",
    "slug": "song-1771020198412",
    "path": "/song/song-1771020198412"
  },
  {
    "id": 11,
    "MiusicTitle": "دانلود آهنگ شاهین بنان یه دونه",
    "MiusicImage": "https://aba-music.ir/wp-content/uploads/banan-ye-doone.jpg",
    "MiusicDiscribtion": "متن آهنگ یه دونه شاهین بنان",
    "MiusicLyrics": " ——|♪ ♬ ♪|——\n\nآب رو آتیشمی آروم میشم\nوقتی از دست آدما خسته میشم\nواسه تو دست میکشم از کار و بارم\nمن تورو قد یه تهرون دوست دارم\nتو ترافیکا به تو فکر میکنم\nتو کوچه باریکا به تو فکر میکنم\nاز بس که همه جا با تو خاطره دارم\n\nاز تو یه دونه داره دنیا نمیمونه دردا\nهیشکی شبیه تو یکی نیست\nجمع کن رختخوابو الانو دریابو\nسن تو سن خستگی نیست\nبزن قدش بریم به سمت رویاهامون\nصد از صدش گذاشته واسمون خدامون\nبخند برام بذار یه خونی توی جونم بیاد\nجونم فدات آخ الهی اشک خوشحالیت بیاد\n\n ——|♪ ♬ ♪|——",
    "Miusic": "https://dl.aba-music.ir/music/1404/02/ShahinBanan-YeDoone-128.mp3",
    "Genre": "Pop",
    "AdImage": "",
    "AdLink": "",
    "slug": "song-1771020198412",
    "path": "/song/song-1771020198412"
  },
  {
    "id": 12,
    "MiusicTitle": "دانلود آهنگ شاهین بنان یه دونه",
    "MiusicImage": "https://aba-music.ir/wp-content/uploads/banan-ye-doone.jpg",
    "MiusicDiscribtion": "متن آهنگ یه دونه شاهین بنان",
    "MiusicLyrics": " ——|♪ ♬ ♪|——\n\nآب رو آتیشمی آروم میشم\nوقتی از دست آدما خسته میشم\nواسه تو دست میکشم از کار و بارم\nمن تورو قد یه تهرون دوست دارم\nتو ترافیکا به تو فکر میکنم\nتو کوچه باریکا به تو فکر میکنم\nاز بس که همه جا با تو خاطره دارم\n\nاز تو یه دونه داره دنیا نمیمونه دردا\nهیشکی شبیه تو یکی نیست\nجمع کن رختخوابو الانو دریابو\nسن تو سن خستگی نیست\nبزن قدش بریم به سمت رویاهامون\nصد از صدش گذاشته واسمون خدامون\nبخند برام بذار یه خونی توی جونم بیاد\nجونم فدات آخ الهی اشک خوشحالیت بیاد\n\n ——|♪ ♬ ♪|——",
    "Miusic": "https://dl.aba-music.ir/music/1404/02/ShahinBanan-YeDoone-128.mp3",
    "Genre": "Pop",
    "AdImage": "",
    "AdLink": "",
    "slug": "song-1771020198412",
    "path": "/song/song-1771020198412"
  }
]